request_id,token_count,keyword_score,previous_requests,cohort,label
0,62,0.777405,9,A,1
1,392,0.971826,5,B,1
2,334,0.500741,10,A,1
3,231,0.143898,8,B,0
4,228,0.013936,7,A,0
5,432,0.229656,9,B,0
6,61,0.131822,5,A,0
7,355,0.677659,7,B,1
8,116,0.121833,3,A,0
9,65,0.50633,10,B,0
10,273,0.694262,6,A,1
11,489,0.581117,8,B,1
12,373,0.199776,5,A,0
13,386,0.804125,9,B,1
14,365,0.715407,0,A,1
15,398,0.738984,1,B,1
16,266,0.131058,5,A,0
17,81,0.123754,8,B,0
18,423,0.927563,8,A,1
19,236,0.397578,4,B,0
20,260,0.300949,7,A,0
21,198,0.488584,6,B,0
22,107,0.662864,10,A,1
23,465,0.955623,7,B,1
24,395,0.286446,4,A,0
25,329,0.924808,10,B,1
26,213,0.024859,1,A,0
27,415,0.555198,10,B,1
28,282,0.633975,1,A,1
29,233,0.105897,3,B,0
30,236,0.14034,9,A,0
31,129,0.419114,8,B,0
32,64,0.966232,10,A,1
33,286,0.596043,8,B,1
34,447,0.933023,7,A,1
35,50,0.804361,3,B,1
36,432,0.467382,0,A,1
37,418,0.784763,1,B,1
38,153,0.017837,3,A,0
39,323,0.109144,0,B,0
40,99,0.829429,5,A,1
41,384,0.796817,8,B,1
42,356,0.232641,10,A,0
43,190,0.53077,5,B,0
44,52,0.606016,9,A,0
45,486,0.867739,10,B,1
46,234,0.603107,9,A,1
47,449,0.412572,5,B,1
48,346,0.374184,3,A,0
49,394,0.425882,10,B,1
50,385,0.651931,2,A,1
51,113,0.867491,4,B,1
52,195,0.453897,0,A,0
53,244,0.24784,8,B,0
54,259,0.236662,7,A,0
55,41,0.746014,0,B,0
56,282,0.816569,2,A,1
57,94,0.105278,6,B,0
58,377,0.066559,5,A,0
59,348,0.594434,8,B,1
60,463,0.146173,2,A,0
61,378,0.824664,10,B,1
62,196,0.310335,4,A,0
63,485,0.143872,9,B,0
64,217,0.92097,2,A,1
65,176,0.165532,0,B,0
66,455,0.28472,0,A,0
67,198,0.153613,4,B,0
68,56,0.11549,10,A,0
69,245,0.021148,0,B,0
70,402,0.055395,4,A,0
71,111,0.174641,1,B,0
72,242,0.053382,10,A,0
73,82,0.591144,7,B,0
74,350,0.680715,8,A,1
75,248,0.39363,7,B,0
76,178,0.317991,7,A,0
77,129,0.504526,8,B,0
78,291,0.875005,0,A,1
79,342,0.851132,9,B,1
80,472,0.043475,8,A,0
81,230,0.181498,8,B,0
82,97,0.236745,4,A,0
83,420,0.249388,8,B,0
84,322,0.571233,4,A,1
85,356,0.416262,0,B,0
86,66,0.049254,9,A,0
87,170,0.373614,2,B,0
88,389,0.523753,1,A,1
89,420,0.101672,6,B,0
90,229,0.833459,2,A,1
91,407,0.051962,9,B,0
92,424,0.924842,4,A,1
93,206,0.099113,0,B,0
94,451,0.843575,10,A,1
95,158,0.902653,5,B,1
96,135,0.979571,2,A,1
97,348,0.802026,7,B,1
98,326,0.779478,5,A,1
99,87,0.642483,0,B,0
100,420,0.778996,8,A,1
101,116,0.134552,4,B,0
102,407,0.536068,7,A,1
103,23,0.514223,9,B,0
104,403,0.857572,6,A,1
105,398,0.462799,7,B,1
106,395,0.385089,2,A,0
107,339,0.639563,2,B,1
108,246,0.266463,4,A,0
109,359,0.139768,9,B,0
110,153,0.477877,5,A,0
111,395,0.416889,3,B,1
112,287,0.23257,8,A,0
113,240,0.367512,9,B,0
114,263,0.366392,9,A,0
115,293,0.327496,3,B,0
116,37,0.379464,7,A,0
117,87,0.685743,6,B,1
118,138,0.296876,4,A,0
119,75,0.948858,4,B,1
120,231,0.916348,1,A,1
121,341,0.48091,3,B,1
122,334,0.328361,6,A,0
123,246,0.535435,9,B,1
124,431,0.84856,9,A,1
125,291,0.652587,2,B,1
126,58,0.804392,7,A,1
127,387,0.532722,0,B,1
128,296,0.632918,7,A,1
129,325,0.288156,3,B,0
130,291,0.734893,4,A,1
131,286,0.202405,7,B,0
132,63,0.694798,4,A,0
133,288,0.860719,8,B,1
134,402,0.132103,5,A,0
135,166,0.61438,10,B,1
136,309,0.095096,7,A,0
137,34,0.725716,3,B,0
138,187,0.084493,8,A,0
139,230,0.93594,4,B,1
140,492,0.137408,5,A,0
141,123,0.95888,1,B,1
142,153,0.800884,1,A,1
143,216,0.593682,6,B,1
144,497,0.782624,2,A,1
145,430,0.795115,10,B,1
146,36,0.946027,9,A,1
147,132,0.253383,7,B,0
148,415,0.590076,8,A,1
149,48,0.095049,6,B,0
150,431,0.616166,0,A,1
151,155,0.171291,4,B,0
152,461,0.564951,5,A,1
153,161,0.572431,10,B,1
154,228,0.465985,2,A,0
155,338,0.522632,5,B,1
156,80,0.763923,3,A,1
157,287,0.799245,1,B,1
158,262,0.492153,1,A,0
159,397,0.599593,4,B,1
160,499,0.931236,0,A,1
161,339,0.119734,0,B,0
162,216,0.117104,3,A,0
163,215,0.087709,2,B,0
164,221,0.657863,6,A,1
165,411,0.418608,0,B,0
166,174,0.774321,3,A,1
167,100,0.671231,4,B,1
168,180,0.333638,10,A,0
169,30,0.898367,6,B,1
170,71,0.762532,9,A,1
171,63,0.270535,3,B,0
172,391,0.364192,4,A,0
173,367,0.31444,4,B,0
174,355,0.157612,9,A,0
175,242,0.147783,10,B,0
176,364,0.936127,10,A,1
177,97,0.437904,8,B,0
178,453,0.38332,5,A,1
179,261,0.729686,5,B,1
180,471,0.552993,10,A,1
181,93,0.93614,3,B,1
182,259,0.780301,3,A,1
183,354,0.47937,9,B,1
184,258,0.376359,4,A,0
185,234,0.986632,2,B,1
186,99,0.71776,6,A,1
187,203,0.951195,3,B,1
188,134,0.118479,9,A,0
189,165,0.850534,9,B,1
190,348,0.637074,3,A,1
191,323,0.121922,5,B,0
192,312,0.588258,10,A,1
193,194,0.686096,8,B,1
194,481,0.012303,2,A,0
195,62,0.454318,6,B,0
196,184,0.8254,6,A,1
197,76,0.295359,7,B,0
198,183,0.458548,0,A,0
199,482,0.442314,3,B,1
200,196,0.301927,9,A,0
201,457,0.918442,2,B,1
202,258,0.781294,3,A,1
203,356,0.110588,3,B,0
204,240,0.997035,1,A,1
205,147,0.8792,1,B,1
206,387,0.283908,3,A,0
207,486,0.836897,9,B,1
208,146,0.10642,0,A,0
209,394,0.999105,3,B,1
210,145,0.665685,0,A,0
211,364,0.650125,6,B,1
212,399,0.090441,2,A,0
213,236,0.897033,8,B,1
214,374,0.029,6,A,0
215,150,0.240828,8,B,0
216,58,0.143022,6,A,0
217,66,0.776768,4,B,1
218,235,0.198204,9,A,0
219,454,0.910638,5,B,1
220,81,0.656269,10,A,1
221,239,0.036163,10,B,0
222,358,0.00543,6,A,0
223,117,0.051658,7,B,0
224,367,0.605925,2,A,1
225,167,0.801482,8,B,1
226,408,0.238553,7,A,0
227,298,0.849409,9,B,1
228,283,0.057232,2,A,0
229,105,0.800964,8,B,1
230,242,0.927795,5,A,1
231,432,0.772108,2,B,1
232,29,0.698121,1,A,0
233,384,0.83798,6,B,1
234,257,0.040151,3,A,0
235,366,0.201782,1,B,0
236,339,0.124924,4,A,0
237,227,0.504531,7,B,1
238,168,0.745188,3,A,1
239,321,0.630012,10,B,1
240,87,0.851131,8,A,1
241,300,0.155213,5,B,0
242,65,0.734621,10,A,1
243,332,0.193041,4,B,0
244,322,0.270759,1,A,0
245,60,0.709905,0,B,0
246,384,0.980205,10,A,1
247,220,0.611544,10,B,1
248,398,0.0545,8,A,0
249,40,0.616309,1,B,0
250,106,0.042351,3,A,0
251,257,0.884146,0,B,1
252,110,0.709578,0,A,0
253,178,0.173128,2,B,0
254,337,0.091721,6,A,0
255,89,0.183533,0,B,0
256,345,0.980027,10,A,1
257,69,0.458561,5,B,0
258,104,0.784081,2,A,1
259,302,0.636408,5,B,1
260,401,0.572413,8,A,1
261,102,0.14513,3,B,0
262,164,0.946024,0,A,1
263,464,0.301343,0,B,0
264,496,0.578017,9,A,1
265,299,0.699776,1,B,1
266,235,0.649233,6,A,1
267,186,0.940594,4,B,1
268,314,0.148439,8,A,0
269,304,0.508353,0,B,0
270,161,0.404034,9,A,0
271,30,0.474169,7,B,0
272,92,0.119218,4,A,0
273,481,0.134095,2,B,0
274,221,0.278076,10,A,0
275,251,0.304705,3,B,0
276,244,0.427903,5,A,0
277,396,0.610988,4,B,1
278,51,0.634629,2,A,0
279,59,0.411811,4,B,0
280,152,0.408783,1,A,0
281,254,0.217629,0,B,0
282,342,0.588306,3,A,1
283,256,0.317041,1,B,0
284,232,0.03606,4,A,0
285,471,0.4184,9,B,1
286,97,0.474133,1,A,0
287,295,0.225593,0,B,0
288,280,0.572458,1,A,1
289,247,0.565772,5,B,1
290,408,0.702002,3,A,1
291,148,0.647948,5,B,1
292,478,0.652433,0,A,1
293,179,0.316214,3,B,0
294,282,0.787432,4,A,1
295,270,0.549144,4,B,1
296,428,0.431418,6,A,1
297,231,0.626012,8,B,1
298,156,0.360657,5,A,0
299,30,0.512739,9,B,0
300,194,0.736706,5,A,1
301,417,0.886403,2,B,1
302,24,0.921057,2,A,1
303,451,0.503633,3,B,1
304,281,0.520275,6,A,1
305,87,0.79987,2,B,1
306,165,0.314451,10,A,0
307,286,0.837382,5,B,1
308,171,0.494142,9,A,0
309,72,0.115857,7,B,0
310,340,0.072059,3,A,0
311,343,0.841993,2,B,1
312,77,0.055568,8,A,0
313,155,0.280611,3,B,0
314,137,0.33413,2,A,0
315,337,0.172994,10,B,0
316,371,0.313893,5,A,0
317,369,0.742693,0,B,1
318,471,0.014683,5,A,0
319,389,0.827173,5,B,1
320,174,0.856548,9,A,1
321,71,0.372262,7,B,0
322,315,0.153613,2,A,0
323,460,0.60084,1,B,1
324,489,0.119673,6,A,0
325,130,0.364919,0,B,0
326,133,0.958429,3,A,1
327,37,0.995464,1,B,1
328,87,0.772105,0,A,1
329,286,0.310962,10,B,0
330,283,0.687665,0,A,1
331,198,0.705406,0,B,1
332,169,0.387842,10,A,0
333,419,0.640889,2,B,1
334,241,0.010728,8,A,0
335,408,0.209058,0,B,0
336,483,0.525088,1,A,1
337,172,0.163751,1,B,0
338,117,0.165907,7,A,0
339,478,0.836304,6,B,1
340,325,0.989133,5,A,1
341,159,0.555969,2,B,0
342,319,0.83907,0,A,1
343,267,0.990322,6,B,1
344,455,0.141596,2,A,0
345,143,0.448246,6,B,0
346,496,0.392573,7,A,1
347,470,0.080049,9,B,0
348,106,0.75533,5,A,1
349,99,0.433779,0,B,0
350,276,0.469327,3,A,0
351,41,0.150673,9,B,0
352,163,0.180927,5,A,0
353,229,0.907104,6,B,1
354,486,0.044649,5,A,0
355,497,0.232852,1,B,0
356,92,0.292059,9,A,0
357,448,0.490198,8,B,1
358,63,0.586445,10,A,0
359,380,0.49329,9,B,1
360,426,0.084115,3,A,0
361,448,0.243667,2,B,0
362,127,0.843588,2,A,1
363,449,0.637589,10,B,1
364,75,0.649149,6,A,0
365,269,0.670203,4,B,1
366,245,0.762903,10,A,1
367,171,0.058108,6,B,0
368,30,0.366608,10,A,0
369,391,0.539527,10,B,1
370,181,0.338456,0,A,0
371,338,0.844479,3,B,1
372,217,0.482573,8,A,1
373,199,0.768628,8,B,1
374,446,0.852016,1,A,1
375,65,0.504791,3,B,0
376,374,0.909552,6,A,1
377,379,0.587124,8,B,1
378,202,0.850274,1,A,1
379,146,0.340591,6,B,0
380,22,0.498817,3,A,0
381,470,0.531411,2,B,1
382,475,0.10498,5,A,0
383,135,0.398553,4,B,0
384,35,0.917338,6,A,1
385,79,0.630832,3,B,0
386,52,0.177507,9,A,0
387,419,0.338856,0,B,0
388,449,0.191603,9,A,0
389,93,0.024823,0,B,0
390,379,0.92746,8,A,1
391,106,0.448207,3,B,0
392,196,0.307535,4,A,0
393,308,0.598477,0,B,1
394,366,0.007314,7,A,0
395,440,0.278022,1,B,0
396,41,0.703033,7,A,1
397,114,0.63377,7,B,1
398,154,0.981806,9,A,1
399,169,0.620358,7,B,1
